TradeID,TradeDate,SettleDate,AssetType,Counterparty,TradeValue,Status
T00001,2025-04-13,2025-04-16,Derivative,Barclays,156233.11,Settled
T00002,2025-06-29,2025-07-02,Derivative,Citi,127787.37,Pending
T00003,2025-04-03,2025-04-04,Equity,Barclays,162830.55,Settled
T00004,2025-01-15,2025-01-19,Equity,HSBC,135463.31,Settled
T00005,2025-04-17,2025-04-21,FX,Barclays,25087.12,Settled
T00006,2025-03-13,2025-03-15,Derivative,Barclays,486051.19,Settled
T00007,2025-01-21,2025-01-25,Equity,HSBC,118165.29,Settled
T00008,2025-04-13,2025-04-17,FX,Morgan Stanley,369674.58,Settled
T00009,2025-05-02,2025-05-03,Derivative,Barclays,383672.23,Settled
T00010,2025-03-16,2025-03-20,Bond,Barclays,465336.13,Settled
T00011,2025-03-29,2025-04-01,FX,Morgan Stanley,24969.23,Settled
T00012,2025-04-27,2025-04-28,Equity,Barclays,437303.69,Pending
T00013,2025-04-10,2025-04-11,Equity,Barclays,268340.83,Settled
T00014,2025-04-14,2025-04-16,FX,Barclays,319946.61,Executed
T00015,2025-06-01,2025-06-05,FX,JP Morgan,325790.44,Failed
T00016,2025-05-11,2025-05-13,Equity,Morgan Stanley,411700.92,Executed
T00017,2025-05-30,2025-06-02,Bond,Barclays,173369.59,Settled
T00018,2025-02-22,2025-02-23,Derivative,Morgan Stanley,369195.08,Settled
T00019,2025-01-02,2025-01-03,Bond,Citi,269003.27,Failed
T00020,2025-03-29,2025-03-30,FX,Citi,398763.07,Pending
T00021,2025-06-07,2025-06-10,Bond,Barclays,495367.56,Pending
T00022,2025-02-07,2025-02-10,Equity,Morgan Stanley,108319.0,Executed
T00023,2025-05-10,2025-05-12,FX,Morgan Stanley,497377.83,Pending
T00024,2025-01-21,2025-01-23,Derivative,Morgan Stanley,54007.96,Settled
T00025,2025-06-10,2025-06-12,Equity,JP Morgan,11135.6,Settled
T00026,2025-02-27,2025-03-03,Equity,Citi,31639.35,Settled
T00027,2025-01-22,2025-01-23,Derivative,Morgan Stanley,177473.38,Executed
T00028,2025-03-30,2025-03-31,Derivative,Morgan Stanley,320124.1,Settled
T00029,2025-02-18,2025-02-20,Bond,JP Morgan,43824.48,Settled
T00030,2025-02-28,2025-03-01,FX,JP Morgan,12776.25,Settled
T00031,2025-06-19,2025-06-21,Derivative,Morgan Stanley,469174.6,Settled
T00032,2025-01-15,2025-01-19,Derivative,HSBC,412744.05,Failed
T00033,2025-06-24,2025-06-28,FX,Morgan Stanley,406499.75,Pending
T00034,2025-02-20,2025-02-23,Derivative,Morgan Stanley,443367.89,Settled
T00035,2025-04-18,2025-04-22,Derivative,JP Morgan,353016.79,Settled
T00036,2025-02-24,2025-02-26,Bond,JP Morgan,61158.02,Executed
T00037,2025-03-05,2025-03-09,Equity,Morgan Stanley,205559.09,Failed
T00038,2025-05-11,2025-05-14,Equity,Morgan Stanley,364343.25,Settled
T00039,2025-02-20,2025-02-21,Equity,Morgan Stanley,147363.89,Executed
T00040,2025-05-15,2025-05-17,Equity,JP Morgan,346829.12,Settled
T00041,2025-01-21,2025-01-22,Derivative,Morgan Stanley,22004.24,Settled
T00042,2025-03-14,2025-03-17,FX,Morgan Stanley,160007.3,Settled
T00043,2025-06-16,2025-06-19,FX,Barclays,279073.86,Pending
T00044,2025-01-18,2025-01-21,Bond,HSBC,319724.02,Settled
T00045,2025-05-12,2025-05-13,Bond,Citi,292749.93,Settled
T00046,2025-03-30,2025-03-31,Derivative,HSBC,351900.58,Settled
T00047,2025-03-01,2025-03-02,FX,Barclays,12983.49,Settled
T00048,2025-01-14,2025-01-15,FX,Citi,59461.19,Executed
T00049,2025-01-09,2025-01-12,Equity,Morgan Stanley,435782.68,Pending
T00050,2025-03-31,2025-04-03,Derivative,Barclays,344056.84,Settled
T00051,2025-02-22,2025-02-24,Derivative,Morgan Stanley,65336.5,Settled
T00052,2025-05-10,2025-05-12,Equity,JP Morgan,422616.47,Failed
T00053,2025-03-25,2025-03-26,Derivative,Barclays,128693.3,Settled
T00054,2025-04-02,2025-04-06,Derivative,JP Morgan,244347.34,Settled
T00055,2025-04-21,2025-04-25,Bond,Barclays,81146.29,Settled
T00056,2025-06-21,2025-06-24,FX,Barclays,357953.93,Settled
T00057,2025-01-08,2025-01-11,Derivative,JP Morgan,336758.67,Pending
T00058,2025-06-24,2025-06-27,Bond,Citi,113445.11,Settled
T00059,2025-02-04,2025-02-06,FX,HSBC,433066.38,Settled
T00060,2025-03-22,2025-03-24,Equity,Morgan Stanley,206639.95,Failed
T00061,2025-06-13,2025-06-16,Bond,Barclays,153332.39,Settled
T00062,2025-02-19,2025-02-22,Bond,Morgan Stanley,84641.5,Pending
T00063,2025-04-14,2025-04-17,FX,JP Morgan,140422.33,Executed
T00064,2025-05-12,2025-05-16,Equity,Morgan Stanley,20793.19,Pending
T00065,2025-01-02,2025-01-04,Bond,JP Morgan,295796.17,Settled
T00066,2025-05-14,2025-05-18,Derivative,Morgan Stanley,422693.07,Settled
T00067,2025-02-23,2025-02-27,Derivative,HSBC,279000.42,Failed
T00068,2025-04-16,2025-04-19,Derivative,HSBC,117444.24,Executed
T00069,2025-01-04,2025-01-07,Equity,HSBC,26497.9,Settled
T00070,2025-02-23,2025-02-24,Bond,HSBC,115167.76,Settled
T00071,2025-05-26,2025-05-27,Derivative,HSBC,213899.5,Settled
T00072,2025-02-13,2025-02-17,Equity,HSBC,382209.6,Settled
T00073,2025-06-11,2025-06-13,Derivative,JP Morgan,102043.0,Settled
T00074,2025-01-14,2025-01-17,FX,Barclays,362697.81,Settled
T00075,2025-04-05,2025-04-08,Bond,Morgan Stanley,434797.4,Pending
T00076,2025-02-17,2025-02-21,Bond,HSBC,232433.96,Settled
T00077,2025-01-15,2025-01-16,Equity,JP Morgan,412501.68,Pending
T00078,2025-02-09,2025-02-11,Equity,JP Morgan,281782.1,Settled
T00079,2025-03-23,2025-03-24,Bond,JP Morgan,322174.51,Settled
T00080,2025-04-21,2025-04-22,Derivative,Barclays,267876.45,Settled
T00081,2025-02-22,2025-02-23,Derivative,Morgan Stanley,236954.63,Failed
T00082,2025-01-24,2025-01-25,FX,Barclays,124980.19,Settled
T00083,2025-06-03,2025-06-06,Derivative,Citi,158565.09,Settled
T00084,2025-05-04,2025-05-07,Equity,JP Morgan,152085.36,Settled
T00085,2025-02-10,2025-02-11,Equity,Citi,286011.58,Settled
T00086,2025-06-06,2025-06-08,Derivative,HSBC,68777.31,Settled
T00087,2025-01-15,2025-01-19,Equity,HSBC,459227.93,Settled
T00088,2025-02-14,2025-02-16,Bond,Barclays,363121.02,Settled
T00089,2025-03-06,2025-03-08,Bond,Morgan Stanley,206708.36,Failed
T00090,2025-03-30,2025-04-01,Derivative,Citi,87725.83,Failed
T00091,2025-03-12,2025-03-13,Bond,Morgan Stanley,442176.16,Settled
T00092,2025-01-09,2025-01-12,Bond,Barclays,413651.26,Settled
T00093,2025-03-29,2025-03-31,FX,HSBC,363643.56,Pending
T00094,2025-05-09,2025-05-10,FX,Morgan Stanley,143058.05,Settled
T00095,2025-05-16,2025-05-18,Bond,Morgan Stanley,207198.85,Pending
T00096,2025-03-04,2025-03-06,Derivative,HSBC,60346.64,Settled
T00097,2025-05-19,2025-05-20,FX,Citi,102629.37,Settled
T00098,2025-03-22,2025-03-25,Equity,HSBC,393678.15,Settled
T00099,2025-05-16,2025-05-19,Equity,Morgan Stanley,360368.97,Failed
T00100,2025-06-12,2025-06-16,Equity,Citi,300808.02,Settled
T00101,2025-06-12,2025-06-13,Derivative,Citi,448906.1,Settled
T00102,2025-02-02,2025-02-06,Bond,HSBC,295800.59,Settled
T00103,2025-05-03,2025-05-07,Equity,Morgan Stanley,238814.32,Settled
T00104,2025-01-05,2025-01-09,Derivative,Barclays,176781.67,Settled
T00105,2025-02-10,2025-02-13,FX,Morgan Stanley,470819.77,Settled
T00106,2025-01-28,2025-01-29,Bond,JP Morgan,50530.58,Failed
T00107,2025-05-15,2025-05-19,FX,Barclays,466134.81,Settled
T00108,2025-03-13,2025-03-14,Derivative,Citi,415090.18,Settled
T00109,2025-01-12,2025-01-13,Equity,Barclays,73665.66,Settled
T00110,2025-06-11,2025-06-14,Equity,Citi,286842.34,Settled
T00111,2025-02-02,2025-02-06,Derivative,Citi,434608.51,Settled
T00112,2025-02-17,2025-02-21,Equity,Barclays,290186.49,Failed
T00113,2025-05-31,2025-06-01,Bond,Citi,454527.91,Executed
T00114,2025-03-03,2025-03-05,Derivative,Citi,472062.07,Settled
T00115,2025-02-06,2025-02-09,FX,JP Morgan,216968.42,Settled
T00116,2025-04-09,2025-04-12,Derivative,Morgan Stanley,194883.69,Settled
T00117,2025-06-21,2025-06-24,Bond,Morgan Stanley,468797.37,Settled
T00118,2025-04-14,2025-04-17,Bond,JP Morgan,340818.63,Settled
T00119,2025-02-04,2025-02-08,Derivative,Barclays,66851.11,Settled
T00120,2025-04-11,2025-04-15,Derivative,HSBC,30722.96,Settled
T00121,2025-06-24,2025-06-26,Equity,HSBC,286668.23,Executed
T00122,2025-05-11,2025-05-14,Bond,HSBC,465783.77,Settled
T00123,2025-01-01,2025-01-04,Derivative,JP Morgan,423681.86,Settled
T00124,2025-01-05,2025-01-06,Derivative,JP Morgan,341165.4,Settled
T00125,2025-05-22,2025-05-26,Bond,Citi,78166.77,Settled
T00126,2025-04-13,2025-04-16,Derivative,HSBC,134573.38,Pending
T00127,2025-01-27,2025-01-29,Equity,Barclays,439000.5,Settled
T00128,2025-05-17,2025-05-19,Bond,Barclays,99575.55,Settled
T00129,2025-01-15,2025-01-19,Equity,HSBC,146435.31,Failed
T00130,2025-03-31,2025-04-02,Equity,HSBC,73504.32,Failed
T00131,2025-02-11,2025-02-13,Equity,HSBC,341293.03,Settled
T00132,2025-05-04,2025-05-08,Equity,JP Morgan,472551.33,Failed
T00133,2025-06-28,2025-07-01,Bond,JP Morgan,141794.34,Settled
T00134,2025-03-04,2025-03-07,Equity,JP Morgan,242949.24,Settled
T00135,2025-04-06,2025-04-08,Equity,Morgan Stanley,320826.47,Executed
T00136,2025-02-21,2025-02-23,Derivative,Barclays,499738.46,Settled
T00137,2025-04-06,2025-04-09,Bond,Barclays,61355.95,Settled
T00138,2025-05-12,2025-05-16,Bond,Citi,254299.69,Settled
T00139,2025-05-31,2025-06-02,FX,JP Morgan,198708.86,Settled
T00140,2025-05-23,2025-05-24,Bond,Morgan Stanley,434251.88,Settled
T00141,2025-06-20,2025-06-24,Bond,Morgan Stanley,243224.19,Settled
T00142,2025-01-29,2025-01-31,FX,Barclays,64378.99,Failed
T00143,2025-02-05,2025-02-07,Bond,JP Morgan,320867.83,Settled
T00144,2025-01-13,2025-01-14,Bond,Citi,387682.5,Settled
T00145,2025-06-09,2025-06-10,Bond,JP Morgan,11411.81,Settled
T00146,2025-03-12,2025-03-15,Bond,HSBC,430888.78,Settled
T00147,2025-03-27,2025-03-31,FX,JP Morgan,101151.27,Settled
T00148,2025-01-28,2025-02-01,Bond,HSBC,280513.99,Executed
T00149,2025-03-07,2025-03-10,Bond,HSBC,213740.78,Settled
T00150,2025-06-19,2025-06-23,FX,Citi,362630.37,Settled
T00151,2025-02-14,2025-02-18,Derivative,Barclays,191869.19,Settled
T00152,2025-03-03,2025-03-07,Equity,JP Morgan,436183.96,Settled
T00153,2025-05-14,2025-05-18,Derivative,HSBC,367943.22,Settled
T00154,2025-01-28,2025-02-01,FX,JP Morgan,327379.45,Pending
T00155,2025-01-28,2025-01-29,Equity,Barclays,400157.89,Settled
T00156,2025-04-18,2025-04-22,FX,Barclays,379471.29,Settled
T00157,2025-02-13,2025-02-14,FX,Morgan Stanley,27609.95,Settled
T00158,2025-03-25,2025-03-29,Bond,Barclays,203419.83,Failed
T00159,2025-01-30,2025-02-02,Equity,Citi,466095.58,Failed
T00160,2025-03-16,2025-03-18,Bond,HSBC,71604.89,Settled
T00161,2025-05-08,2025-05-09,Equity,Morgan Stanley,371177.31,Settled
T00162,2025-04-02,2025-04-06,FX,Citi,487549.99,Settled
T00163,2025-05-09,2025-05-12,FX,JP Morgan,35577.33,Settled
T00164,2025-05-01,2025-05-03,Derivative,HSBC,344275.0,Settled
T00165,2025-01-27,2025-01-28,Equity,Barclays,239395.53,Settled
T00166,2025-05-01,2025-05-03,Bond,HSBC,293795.88,Failed
T00167,2025-04-26,2025-04-29,Derivative,JP Morgan,51817.25,Pending
T00168,2025-01-03,2025-01-04,Derivative,Morgan Stanley,31073.41,Failed
T00169,2025-04-13,2025-04-15,Derivative,Morgan Stanley,336764.66,Settled
T00170,2025-06-04,2025-06-08,Bond,Morgan Stanley,413421.62,Settled
T00171,2025-05-17,2025-05-18,Derivative,Barclays,393187.51,Pending
T00172,2025-03-03,2025-03-05,Bond,Citi,276464.81,Executed
T00173,2025-06-14,2025-06-17,Derivative,Citi,58934.74,Settled
T00174,2025-02-20,2025-02-23,Bond,HSBC,347141.78,Settled
T00175,2025-06-21,2025-06-22,FX,Barclays,128525.55,Settled
T00176,2025-06-01,2025-06-03,FX,Morgan Stanley,456423.66,Settled
T00177,2025-02-28,2025-03-01,FX,Morgan Stanley,420750.03,Settled
T00178,2025-04-28,2025-04-29,FX,JP Morgan,357597.65,Settled
T00179,2025-06-09,2025-06-11,FX,JP Morgan,474934.52,Failed
T00180,2025-04-06,2025-04-08,Derivative,Morgan Stanley,25396.69,Settled
T00181,2025-06-29,2025-07-03,Derivative,Morgan Stanley,370738.21,Settled
T00182,2025-04-23,2025-04-25,Derivative,Barclays,171818.96,Settled
T00183,2025-03-03,2025-03-06,Bond,Citi,453972.28,Settled
T00184,2025-02-21,2025-02-22,Bond,JP Morgan,140670.85,Executed
T00185,2025-01-12,2025-01-13,Bond,Citi,365179.68,Settled
T00186,2025-02-08,2025-02-11,Bond,Barclays,440047.04,Settled
T00187,2025-05-10,2025-05-12,FX,Morgan Stanley,30411.84,Settled
T00188,2025-05-11,2025-05-14,FX,Citi,204847.31,Settled
T00189,2025-04-23,2025-04-26,FX,Morgan Stanley,383531.43,Settled
T00190,2025-04-11,2025-04-15,Equity,Morgan Stanley,232910.26,Executed
T00191,2025-04-23,2025-04-26,Derivative,HSBC,140953.79,Settled
T00192,2025-03-22,2025-03-23,Bond,Citi,117704.62,Settled
T00193,2025-04-23,2025-04-26,Bond,Citi,74443.95,Settled
T00194,2025-01-02,2025-01-03,FX,Morgan Stanley,429993.48,Pending
T00195,2025-05-10,2025-05-11,Bond,Barclays,291924.15,Settled
T00196,2025-02-23,2025-02-24,Bond,HSBC,47428.62,Settled
T00197,2025-03-28,2025-03-30,Derivative,Morgan Stanley,197464.36,Settled
T00198,2025-05-09,2025-05-13,FX,JP Morgan,190189.49,Settled
T00199,2025-05-27,2025-05-28,Derivative,JP Morgan,99052.2,Settled
T00200,2025-05-06,2025-05-07,Equity,HSBC,223398.74,Failed
T00201,2025-05-10,2025-05-12,Equity,Barclays,172728.69,Settled
T00202,2025-02-22,2025-02-23,Equity,Morgan Stanley,177483.82,Settled
T00203,2025-06-21,2025-06-24,FX,Citi,372123.01,Settled
T00204,2025-06-09,2025-06-12,Bond,HSBC,119399.06,Settled
T00205,2025-06-09,2025-06-13,FX,Barclays,324511.38,Settled
T00206,2025-03-09,2025-03-10,FX,Citi,289618.32,Settled
T00207,2025-05-03,2025-05-05,Bond,JP Morgan,288365.33,Settled
T00208,2025-05-25,2025-05-28,Derivative,JP Morgan,334873.6,Settled
T00209,2025-02-07,2025-02-09,Equity,Citi,278707.2,Pending
T00210,2025-01-24,2025-01-26,Derivative,HSBC,440835.01,Settled
T00211,2025-03-10,2025-03-13,Equity,JP Morgan,341034.25,Settled
T00212,2025-04-26,2025-04-28,FX,Morgan Stanley,278011.99,Executed
T00213,2025-04-08,2025-04-11,Equity,Citi,416583.93,Failed
T00214,2025-05-19,2025-05-21,FX,Citi,307011.82,Settled
T00215,2025-05-24,2025-05-27,Derivative,JP Morgan,152660.68,Failed
T00216,2025-04-07,2025-04-08,FX,HSBC,111476.51,Failed
T00217,2025-05-04,2025-05-08,Derivative,Morgan Stanley,84640.61,Settled
T00218,2025-03-11,2025-03-14,Bond,HSBC,450733.05,Pending
T00219,2025-04-03,2025-04-06,Bond,Barclays,357966.36,Pending
T00220,2025-01-03,2025-01-07,Bond,Barclays,469315.43,Settled
T00221,2025-05-28,2025-05-31,FX,JP Morgan,305612.98,Settled
T00222,2025-06-13,2025-06-16,Bond,JP Morgan,241966.43,Settled
T00223,2025-05-27,2025-05-29,Equity,JP Morgan,39261.08,Settled
T00224,2025-03-31,2025-04-04,Derivative,Barclays,339104.72,Settled
T00225,2025-05-27,2025-05-28,Derivative,HSBC,295282.29,Failed
T00226,2025-05-28,2025-05-31,Equity,HSBC,495202.36,Pending
T00227,2025-04-06,2025-04-10,FX,JP Morgan,127187.8,Executed
T00228,2025-02-21,2025-02-23,FX,Morgan Stanley,270061.3,Executed
T00229,2025-06-10,2025-06-11,Derivative,HSBC,328969.09,Failed
T00230,2025-06-17,2025-06-21,Bond,Barclays,325849.68,Settled
T00231,2025-05-08,2025-05-09,FX,Citi,285033.84,Settled
T00232,2025-02-08,2025-02-09,FX,Citi,390694.73,Pending
T00233,2025-03-23,2025-03-24,Equity,Citi,110440.79,Settled
T00234,2025-04-14,2025-04-17,Equity,Morgan Stanley,365557.33,Pending
T00235,2025-05-09,2025-05-12,Bond,JP Morgan,313669.94,Failed
T00236,2025-01-11,2025-01-13,FX,Barclays,449076.8,Settled
T00237,2025-06-27,2025-06-29,FX,Morgan Stanley,425125.28,Settled
T00238,2025-05-31,2025-06-04,Equity,Barclays,164422.05,Settled
T00239,2025-06-08,2025-06-10,FX,Barclays,145356.29,Settled
T00240,2025-02-11,2025-02-12,Derivative,JP Morgan,491010.13,Settled
T00241,2025-04-09,2025-04-10,Equity,Citi,268359.94,Settled
T00242,2025-01-07,2025-01-10,Bond,JP Morgan,454146.27,Settled
T00243,2025-05-24,2025-05-25,Equity,Morgan Stanley,90301.7,Settled
T00244,2025-03-31,2025-04-04,FX,Morgan Stanley,324981.27,Settled
T00245,2025-04-22,2025-04-23,Bond,Morgan Stanley,406831.49,Settled
T00246,2025-03-01,2025-03-02,Equity,JP Morgan,474223.67,Pending
T00247,2025-04-23,2025-04-27,Derivative,Barclays,175296.67,Settled
T00248,2025-01-02,2025-01-04,Derivative,Barclays,365240.77,Settled
T00249,2025-05-09,2025-05-11,Equity,HSBC,274018.37,Failed
T00250,2025-02-17,2025-02-21,Derivative,Morgan Stanley,39708.17,Settled
T00251,2025-05-20,2025-05-23,Derivative,Barclays,348099.87,Settled
T00252,2025-02-06,2025-02-07,Derivative,HSBC,348147.31,Settled
T00253,2025-06-09,2025-06-13,Bond,Barclays,465997.33,Pending
T00254,2025-01-09,2025-01-10,Derivative,Morgan Stanley,253683.1,Settled
T00255,2025-04-09,2025-04-12,Derivative,Citi,122822.95,Pending
T00256,2025-05-27,2025-05-28,Derivative,Morgan Stanley,31836.27,Settled
T00257,2025-02-17,2025-02-21,Bond,JP Morgan,213664.67,Failed
T00258,2025-05-11,2025-05-12,Equity,Barclays,157939.18,Pending
T00259,2025-05-28,2025-05-30,FX,Barclays,382933.27,Settled
T00260,2025-06-01,2025-06-04,Derivative,JP Morgan,183591.2,Settled
T00261,2025-02-23,2025-02-26,Equity,JP Morgan,475044.89,Settled
T00262,2025-04-30,2025-05-03,Derivative,Citi,481532.0,Settled
T00263,2025-06-10,2025-06-14,Bond,Barclays,314245.21,Settled
T00264,2025-06-01,2025-06-04,Equity,Barclays,465043.54,Executed
T00265,2025-04-26,2025-04-28,Bond,Citi,382818.63,Settled
T00266,2025-03-16,2025-03-20,Derivative,HSBC,277961.22,Executed
T00267,2025-04-23,2025-04-25,Derivative,Citi,98350.89,Settled
T00268,2025-06-13,2025-06-14,Bond,Morgan Stanley,234712.99,Pending
T00269,2025-06-15,2025-06-16,FX,Barclays,284828.49,Settled
T00270,2025-04-14,2025-04-15,Bond,JP Morgan,433341.17,Settled
T00271,2025-03-25,2025-03-26,Derivative,Morgan Stanley,245853.35,Settled
T00272,2025-04-22,2025-04-24,Bond,Barclays,449860.59,Settled
T00273,2025-04-09,2025-04-13,FX,Citi,340431.0,Settled
T00274,2025-06-02,2025-06-06,Bond,Morgan Stanley,77129.54,Failed
T00275,2025-04-03,2025-04-06,FX,Barclays,497540.87,Executed
T00276,2025-05-26,2025-05-28,FX,HSBC,268344.0,Settled
T00277,2025-05-08,2025-05-09,Bond,HSBC,202010.57,Settled
T00278,2025-04-20,2025-04-22,Bond,JP Morgan,332965.74,Executed
T00279,2025-03-23,2025-03-26,Equity,Barclays,63357.72,Executed
T00280,2025-02-23,2025-02-26,Derivative,HSBC,321903.94,Settled
T00281,2025-06-12,2025-06-14,FX,Citi,254135.64,Executed
T00282,2025-06-18,2025-06-20,Equity,Barclays,209270.29,Settled
T00283,2025-06-10,2025-06-12,Bond,Citi,476979.81,Settled
T00284,2025-03-09,2025-03-13,Derivative,Citi,266044.46,Settled
T00285,2025-02-02,2025-02-03,Equity,HSBC,117367.56,Settled
T00286,2025-05-22,2025-05-24,FX,Barclays,234892.1,Settled
T00287,2025-01-21,2025-01-23,Equity,Morgan Stanley,460499.83,Settled
T00288,2025-02-17,2025-02-19,FX,HSBC,96286.78,Settled
T00289,2025-05-28,2025-05-31,Bond,HSBC,114838.95,Settled
T00290,2025-05-08,2025-05-11,Derivative,Barclays,16384.49,Settled
T00291,2025-05-16,2025-05-20,Derivative,Barclays,16953.12,Settled
T00292,2025-05-15,2025-05-16,Derivative,Citi,416401.9,Settled
T00293,2025-05-25,2025-05-29,Bond,Barclays,368740.08,Settled
T00294,2025-05-08,2025-05-09,FX,Citi,183970.12,Settled
T00295,2025-02-02,2025-02-05,Bond,HSBC,352172.47,Settled
T00296,2025-06-25,2025-06-28,Derivative,JP Morgan,203650.9,Settled
T00297,2025-04-25,2025-04-28,Bond,Morgan Stanley,476919.43,Executed
T00298,2025-04-29,2025-05-03,Bond,HSBC,483855.81,Settled
T00299,2025-01-22,2025-01-24,Bond,Barclays,202468.95,Settled
T00300,2025-06-07,2025-06-09,FX,Morgan Stanley,428568.73,Pending
T00301,2025-02-07,2025-02-10,Equity,JP Morgan,388813.63,Pending
T00302,2025-04-19,2025-04-21,Equity,JP Morgan,161899.97,Executed
T00303,2025-02-20,2025-02-22,Bond,Citi,123699.52,Settled
T00304,2025-01-08,2025-01-12,Equity,Morgan Stanley,234534.98,Settled
T00305,2025-01-27,2025-01-28,Equity,Citi,392860.93,Failed
T00306,2025-01-27,2025-01-30,Bond,HSBC,480482.21,Settled
T00307,2025-01-21,2025-01-24,Bond,Morgan Stanley,384153.74,Pending
T00308,2025-01-30,2025-02-03,Derivative,HSBC,429051.42,Settled
T00309,2025-04-07,2025-04-11,Equity,Citi,305501.51,Settled
T00310,2025-01-28,2025-01-30,FX,Morgan Stanley,419349.84,Settled
T00311,2025-04-21,2025-04-24,Bond,Citi,394366.22,Executed
T00312,2025-03-02,2025-03-03,Derivative,Morgan Stanley,194722.92,Settled
T00313,2025-02-17,2025-02-21,FX,Citi,280475.25,Settled
T00314,2025-05-27,2025-05-28,Equity,JP Morgan,404329.03,Pending
T00315,2025-01-04,2025-01-05,Derivative,Citi,32567.8,Executed
T00316,2025-02-04,2025-02-07,Bond,JP Morgan,405958.85,Settled
T00317,2025-02-18,2025-02-21,FX,Citi,97165.18,Pending
T00318,2025-01-17,2025-01-21,Bond,Morgan Stanley,262194.97,Settled
T00319,2025-06-21,2025-06-24,Equity,Morgan Stanley,406054.97,Settled
T00320,2025-06-07,2025-06-10,FX,Morgan Stanley,134372.33,Failed
T00321,2025-02-15,2025-02-18,Equity,Barclays,130445.65,Settled
T00322,2025-04-27,2025-04-28,Equity,HSBC,207354.56,Pending
T00323,2025-01-06,2025-01-10,Derivative,Morgan Stanley,448374.97,Pending
T00324,2025-04-09,2025-04-11,Bond,JP Morgan,10216.96,Settled
T00325,2025-05-04,2025-05-05,FX,Morgan Stanley,451677.72,Settled
T00326,2025-02-06,2025-02-09,Equity,Barclays,85365.44,Settled
T00327,2025-01-24,2025-01-25,Equity,JP Morgan,495142.32,Settled
T00328,2025-04-03,2025-04-06,FX,Barclays,477875.03,Settled
T00329,2025-02-15,2025-02-18,Equity,JP Morgan,252390.84,Executed
T00330,2025-04-05,2025-04-06,Derivative,Citi,261232.92,Settled
T00331,2025-04-09,2025-04-13,Derivative,HSBC,245959.18,Executed
T00332,2025-04-26,2025-04-29,Derivative,HSBC,321367.39,Settled
T00333,2025-06-09,2025-06-13,Derivative,Barclays,54453.63,Settled
T00334,2025-06-10,2025-06-12,Equity,HSBC,25982.79,Failed
T00335,2025-03-08,2025-03-11,FX,Barclays,38274.43,Settled
T00336,2025-05-08,2025-05-12,FX,Barclays,227739.02,Settled
T00337,2025-01-18,2025-01-22,FX,Barclays,145018.49,Settled
T00338,2025-01-25,2025-01-27,FX,HSBC,314799.39,Settled
T00339,2025-02-23,2025-02-27,Bond,Barclays,496296.72,Settled
T00340,2025-02-27,2025-03-03,FX,HSBC,199298.35,Failed
T00341,2025-03-08,2025-03-10,Bond,Barclays,291182.21,Settled
T00342,2025-04-14,2025-04-17,Bond,Morgan Stanley,213645.91,Settled
T00343,2025-06-23,2025-06-27,Derivative,Barclays,425163.12,Settled
T00344,2025-01-24,2025-01-28,Bond,JP Morgan,452095.84,Settled
T00345,2025-04-24,2025-04-28,Equity,Barclays,439904.25,Settled
T00346,2025-02-01,2025-02-02,Bond,Citi,487442.4,Executed
T00347,2025-06-24,2025-06-26,Derivative,Barclays,23484.4,Settled
T00348,2025-03-27,2025-03-28,Bond,JP Morgan,421509.92,Settled
T00349,2025-05-31,2025-06-02,Equity,JP Morgan,378368.36,Settled
T00350,2025-05-07,2025-05-10,Equity,HSBC,122060.26,Settled
T00351,2025-06-04,2025-06-07,Equity,Morgan Stanley,478596.85,Failed
T00352,2025-05-10,2025-05-14,Derivative,Barclays,82607.18,Executed
T00353,2025-01-17,2025-01-19,Derivative,HSBC,342979.46,Settled
T00354,2025-04-14,2025-04-17,FX,Morgan Stanley,120196.21,Settled
T00355,2025-06-10,2025-06-12,Derivative,Barclays,221376.52,Settled
T00356,2025-05-17,2025-05-20,Equity,Citi,362388.35,Failed
T00357,2025-02-12,2025-02-13,Equity,Barclays,286029.07,Settled
T00358,2025-06-25,2025-06-28,Derivative,JP Morgan,219475.9,Settled
T00359,2025-02-08,2025-02-09,Bond,JP Morgan,169905.83,Settled
T00360,2025-06-19,2025-06-22,Derivative,Citi,421433.23,Settled
T00361,2025-01-26,2025-01-30,Derivative,HSBC,80469.03,Settled
T00362,2025-04-09,2025-04-10,Equity,Morgan Stanley,220750.41,Settled
T00363,2025-02-19,2025-02-22,FX,Barclays,452841.21,Settled
T00364,2025-06-02,2025-06-06,Equity,JP Morgan,424466.28,Settled
T00365,2025-06-01,2025-06-02,FX,HSBC,206461.46,Executed
T00366,2025-01-13,2025-01-17,Equity,Citi,383923.1,Failed
T00367,2025-03-01,2025-03-03,Derivative,JP Morgan,413348.81,Pending
T00368,2025-05-15,2025-05-17,Equity,Citi,445554.84,Settled
T00369,2025-02-26,2025-02-27,Equity,Barclays,276807.83,Settled
T00370,2025-02-05,2025-02-08,Equity,Morgan Stanley,110185.83,Settled
T00371,2025-06-22,2025-06-23,Derivative,JP Morgan,135101.45,Executed
T00372,2025-01-20,2025-01-24,Derivative,JP Morgan,154890.39,Settled
T00373,2025-03-06,2025-03-09,Derivative,Barclays,300963.22,Failed
T00374,2025-01-08,2025-01-10,Derivative,HSBC,26076.72,Settled
T00375,2025-05-24,2025-05-27,FX,Morgan Stanley,321660.81,Settled
T00376,2025-05-22,2025-05-24,FX,JP Morgan,188533.58,Settled
T00377,2025-04-25,2025-04-28,Bond,Morgan Stanley,154668.48,Executed
T00378,2025-05-23,2025-05-26,Derivative,JP Morgan,440953.32,Settled
T00379,2025-04-02,2025-04-05,FX,Morgan Stanley,235401.17,Settled
T00380,2025-04-08,2025-04-12,Equity,Citi,56575.99,Settled
T00381,2025-03-07,2025-03-11,Derivative,JP Morgan,415105.92,Settled
T00382,2025-02-01,2025-02-02,Bond,Morgan Stanley,33344.22,Executed
T00383,2025-03-27,2025-03-28,Bond,HSBC,366107.12,Settled
T00384,2025-02-20,2025-02-22,Bond,Citi,389214.05,Executed
T00385,2025-06-02,2025-06-06,Equity,Citi,182775.28,Settled
T00386,2025-03-04,2025-03-06,FX,HSBC,414146.05,Settled
T00387,2025-05-05,2025-05-06,Equity,Morgan Stanley,262673.11,Settled
T00388,2025-05-30,2025-06-01,Derivative,Barclays,237013.89,Settled
T00389,2025-02-27,2025-02-28,Bond,HSBC,32247.61,Settled
T00390,2025-02-27,2025-03-03,Equity,Morgan Stanley,152114.3,Executed
T00391,2025-03-27,2025-03-30,Equity,HSBC,466194.89,Failed
T00392,2025-02-18,2025-02-22,FX,HSBC,201993.74,Settled
T00393,2025-06-29,2025-07-01,FX,JP Morgan,277883.26,Pending
T00394,2025-06-19,2025-06-21,Bond,Morgan Stanley,270690.62,Settled
T00395,2025-03-11,2025-03-15,Equity,Barclays,299311.23,Settled
T00396,2025-01-15,2025-01-19,Equity,JP Morgan,40052.17,Settled
T00397,2025-02-23,2025-02-24,FX,HSBC,187466.36,Settled
T00398,2025-04-11,2025-04-13,Equity,HSBC,364332.85,Settled
T00399,2025-01-08,2025-01-10,Equity,HSBC,108274.52,Settled
T00400,2025-02-22,2025-02-26,Equity,Morgan Stanley,109753.4,Failed
T00401,2025-03-01,2025-03-04,FX,Morgan Stanley,14944.4,Settled
T00402,2025-04-18,2025-04-20,Bond,JP Morgan,224366.14,Settled
T00403,2025-01-05,2025-01-08,Derivative,Barclays,442539.85,Settled
T00404,2025-04-13,2025-04-17,Bond,JP Morgan,35431.46,Settled
T00405,2025-01-06,2025-01-10,Derivative,Citi,103648.17,Settled
T00406,2025-04-19,2025-04-20,Equity,HSBC,161941.42,Settled
T00407,2025-04-26,2025-04-28,Bond,HSBC,368545.12,Settled
T00408,2025-04-04,2025-04-07,Derivative,HSBC,323911.44,Settled
T00409,2025-02-16,2025-02-17,FX,JP Morgan,213812.51,Settled
T00410,2025-04-09,2025-04-11,FX,JP Morgan,381943.78,Settled
T00411,2025-02-24,2025-02-25,Bond,HSBC,308719.2,Settled
T00412,2025-06-17,2025-06-21,Bond,JP Morgan,449059.99,Settled
T00413,2025-02-21,2025-02-23,Equity,Morgan Stanley,410833.11,Pending
T00414,2025-05-24,2025-05-25,Bond,Morgan Stanley,133878.67,Settled
T00415,2025-01-13,2025-01-14,Equity,JP Morgan,143004.9,Settled
T00416,2025-04-24,2025-04-27,Equity,HSBC,71424.67,Settled
T00417,2025-05-04,2025-05-05,FX,JP Morgan,175112.72,Settled
T00418,2025-04-16,2025-04-18,FX,JP Morgan,499776.52,Failed
T00419,2025-06-07,2025-06-09,Derivative,JP Morgan,208818.07,Pending
T00420,2025-05-27,2025-05-30,FX,Citi,118039.33,Settled
T00421,2025-05-25,2025-05-27,FX,Morgan Stanley,383616.61,Settled
T00422,2025-04-30,2025-05-04,Bond,Barclays,275810.79,Settled
T00423,2025-03-04,2025-03-06,FX,Barclays,83304.71,Pending
T00424,2025-01-19,2025-01-21,Derivative,Citi,196537.94,Executed
T00425,2025-04-02,2025-04-03,Bond,JP Morgan,213090.16,Settled
T00426,2025-02-27,2025-02-28,Derivative,Citi,379376.55,Settled
T00427,2025-03-31,2025-04-02,FX,Citi,20128.97,Settled
T00428,2025-04-27,2025-04-30,Derivative,HSBC,141819.63,Failed
T00429,2025-03-03,2025-03-04,Bond,Morgan Stanley,263622.19,Settled
T00430,2025-01-23,2025-01-26,Equity,Barclays,141734.9,Pending
T00431,2025-05-07,2025-05-09,Derivative,JP Morgan,317932.68,Settled
T00432,2025-05-17,2025-05-19,Derivative,Barclays,246115.06,Settled
T00433,2025-05-20,2025-05-24,Bond,Barclays,187238.02,Settled
T00434,2025-05-09,2025-05-10,Bond,Morgan Stanley,475112.23,Settled
T00435,2025-02-27,2025-03-01,Derivative,Barclays,319758.15,Settled
T00436,2025-05-02,2025-05-06,FX,Barclays,73671.27,Settled
T00437,2025-01-01,2025-01-02,Derivative,Citi,284444.93,Settled
T00438,2025-02-03,2025-02-05,Bond,Morgan Stanley,392558.61,Executed
T00439,2025-04-06,2025-04-08,Equity,HSBC,357159.95,Pending
T00440,2025-05-06,2025-05-07,Equity,JP Morgan,94323.72,Settled
T00441,2025-04-28,2025-04-29,FX,Barclays,486485.8,Executed
T00442,2025-02-17,2025-02-18,Derivative,JP Morgan,229918.69,Settled
T00443,2025-03-30,2025-04-01,Equity,HSBC,87922.25,Settled
T00444,2025-04-27,2025-04-29,Derivative,JP Morgan,98295.92,Failed
T00445,2025-05-09,2025-05-13,Bond,HSBC,58135.15,Settled
T00446,2025-01-16,2025-01-19,Equity,Citi,403723.87,Settled
T00447,2025-03-10,2025-03-11,FX,Barclays,69794.94,Settled
T00448,2025-01-22,2025-01-24,Bond,HSBC,71311.38,Settled
T00449,2025-04-03,2025-04-05,FX,JP Morgan,426731.09,Executed
T00450,2025-03-17,2025-03-18,Bond,Barclays,178856.0,Failed
T00451,2025-06-03,2025-06-06,Equity,Citi,25120.37,Settled
T00452,2025-05-24,2025-05-25,FX,Barclays,35428.7,Settled
T00453,2025-06-28,2025-07-01,FX,HSBC,79663.52,Executed
T00454,2025-03-27,2025-03-29,Bond,Citi,114562.74,Settled
T00455,2025-01-29,2025-02-01,FX,JP Morgan,335921.64,Settled
T00456,2025-03-10,2025-03-14,Bond,Citi,87089.88,Failed
T00457,2025-02-16,2025-02-18,Bond,Citi,68248.45,Settled
T00458,2025-04-04,2025-04-08,Bond,Morgan Stanley,384712.38,Settled
T00459,2025-05-24,2025-05-25,Bond,Citi,338817.09,Settled
T00460,2025-06-25,2025-06-26,Equity,Citi,223308.87,Settled
T00461,2025-03-26,2025-03-27,Bond,Barclays,279161.79,Settled
T00462,2025-02-08,2025-02-11,Derivative,JP Morgan,162872.17,Settled
T00463,2025-04-10,2025-04-12,FX,Barclays,246425.21,Executed
T00464,2025-02-02,2025-02-03,Derivative,Barclays,258269.6,Executed
T00465,2025-04-11,2025-04-12,Equity,HSBC,199746.26,Settled
T00466,2025-01-23,2025-01-25,Derivative,Barclays,454220.38,Settled
T00467,2025-01-10,2025-01-11,FX,Morgan Stanley,17870.31,Settled
T00468,2025-03-10,2025-03-14,Derivative,Morgan Stanley,393263.92,Pending
T00469,2025-04-10,2025-04-12,Equity,HSBC,70947.59,Settled
T00470,2025-02-03,2025-02-05,Bond,JP Morgan,400798.21,Pending
T00471,2025-06-29,2025-07-01,Derivative,JP Morgan,311796.84,Executed
T00472,2025-05-18,2025-05-22,Equity,Barclays,423206.26,Settled
T00473,2025-05-27,2025-05-29,Equity,Barclays,57782.02,Pending
T00474,2025-04-06,2025-04-10,FX,Barclays,283900.51,Settled
T00475,2025-01-01,2025-01-03,FX,JP Morgan,255533.06,Settled
T00476,2025-03-10,2025-03-13,Derivative,Citi,356034.66,Settled
T00477,2025-01-04,2025-01-05,Bond,Morgan Stanley,271802.37,Executed
T00478,2025-01-16,2025-01-19,Equity,Citi,274959.94,Executed
T00479,2025-01-24,2025-01-25,Derivative,Citi,220502.01,Pending
T00480,2025-03-21,2025-03-25,Equity,JP Morgan,161328.87,Executed
T00481,2025-01-02,2025-01-05,Equity,Citi,246309.54,Settled
T00482,2025-05-08,2025-05-10,Bond,HSBC,68061.26,Settled
T00483,2025-06-09,2025-06-10,Bond,Barclays,481141.54,Settled
T00484,2025-03-25,2025-03-26,Derivative,HSBC,360061.27,Settled
T00485,2025-06-01,2025-06-04,Bond,Morgan Stanley,476708.89,Settled
T00486,2025-05-20,2025-05-24,Bond,Barclays,121096.42,Settled
T00487,2025-06-27,2025-06-30,Derivative,Citi,440877.1,Settled
T00488,2025-06-12,2025-06-16,Bond,Morgan Stanley,406307.09,Settled
T00489,2025-05-04,2025-05-08,FX,Barclays,341804.68,Settled
T00490,2025-02-02,2025-02-03,Equity,Citi,316264.3,Settled
T00491,2025-06-10,2025-06-13,Equity,HSBC,165109.34,Settled
T00492,2025-06-28,2025-07-01,Equity,Barclays,410041.28,Settled
T00493,2025-06-20,2025-06-24,Equity,Citi,255742.58,Settled
T00494,2025-04-11,2025-04-14,Derivative,HSBC,44736.87,Settled
T00495,2025-01-12,2025-01-14,Equity,Morgan Stanley,163302.95,Failed
T00496,2025-03-08,2025-03-10,Equity,Morgan Stanley,468295.58,Settled
T00497,2025-03-06,2025-03-09,Equity,Morgan Stanley,426833.33,Settled
T00498,2025-06-10,2025-06-13,Equity,Morgan Stanley,491133.79,Settled
T00499,2025-06-17,2025-06-21,FX,JP Morgan,317716.76,Settled
T00500,2025-03-15,2025-03-17,Equity,Barclays,131279.94,Pending
T00501,2025-02-12,2025-02-14,FX,Barclays,89779.37,Pending
T00502,2025-02-13,2025-02-14,Derivative,JP Morgan,101588.08,Settled
T00503,2025-01-29,2025-02-02,Bond,Citi,19699.87,Settled
T00504,2025-05-21,2025-05-22,Equity,Citi,201434.23,Settled
T00505,2025-01-12,2025-01-14,Bond,Morgan Stanley,103799.56,Settled
T00506,2025-04-05,2025-04-09,Bond,HSBC,211711.18,Settled
T00507,2025-02-15,2025-02-18,Derivative,Citi,468147.27,Failed
T00508,2025-05-10,2025-05-14,Bond,HSBC,220964.7,Settled
T00509,2025-02-04,2025-02-07,FX,Barclays,440212.4,Settled
T00510,2025-03-22,2025-03-25,Bond,HSBC,306697.34,Settled
T00511,2025-03-31,2025-04-04,Bond,Barclays,131094.46,Pending
T00512,2025-01-08,2025-01-11,Bond,JP Morgan,184368.83,Pending
T00513,2025-04-03,2025-04-04,Equity,JP Morgan,51120.57,Settled
T00514,2025-06-03,2025-06-05,Equity,Morgan Stanley,173396.67,Settled
T00515,2025-03-31,2025-04-03,FX,Citi,341995.06,Settled
T00516,2025-06-11,2025-06-12,FX,Morgan Stanley,45334.44,Pending
T00517,2025-04-25,2025-04-28,Equity,Barclays,110646.69,Settled
T00518,2025-04-15,2025-04-17,FX,Morgan Stanley,196906.11,Pending
T00519,2025-05-15,2025-05-16,Equity,HSBC,491204.27,Executed
T00520,2025-02-27,2025-03-01,Derivative,Barclays,394582.29,Settled
T00521,2025-04-24,2025-04-26,Bond,JP Morgan,369408.51,Settled
T00522,2025-03-16,2025-03-17,Bond,Citi,66933.57,Executed
T00523,2025-06-06,2025-06-07,FX,Barclays,392687.99,Executed
T00524,2025-04-30,2025-05-01,Equity,Barclays,394781.72,Failed
T00525,2025-06-13,2025-06-17,Equity,HSBC,304540.32,Executed
T00526,2025-01-21,2025-01-22,FX,Citi,495277.27,Settled
T00527,2025-06-13,2025-06-14,Equity,JP Morgan,169374.41,Settled
T00528,2025-05-18,2025-05-19,Derivative,Barclays,471223.5,Pending
T00529,2025-04-11,2025-04-12,Bond,Barclays,458218.25,Pending
T00530,2025-06-01,2025-06-04,FX,HSBC,15625.52,Settled
T00531,2025-06-26,2025-06-30,FX,Morgan Stanley,230557.1,Settled
T00532,2025-04-09,2025-04-11,Equity,JP Morgan,488781.07,Settled
T00533,2025-02-05,2025-02-06,FX,Citi,60529.47,Settled
T00534,2025-04-06,2025-04-09,Derivative,Barclays,278414.5,Failed
T00535,2025-06-01,2025-06-04,Equity,Barclays,489689.18,Settled
T00536,2025-05-31,2025-06-03,Equity,JP Morgan,282192.76,Settled
T00537,2025-02-06,2025-02-08,Equity,Morgan Stanley,103009.5,Settled
T00538,2025-01-12,2025-01-13,Equity,Barclays,295269.78,Settled
T00539,2025-04-23,2025-04-27,Derivative,JP Morgan,110175.88,Settled
T00540,2025-01-13,2025-01-17,Equity,HSBC,264655.09,Settled
T00541,2025-01-23,2025-01-26,FX,Morgan Stanley,46280.69,Settled
T00542,2025-04-09,2025-04-11,Derivative,Citi,306686.51,Executed
T00543,2025-04-15,2025-04-17,Bond,Barclays,263227.07,Settled
T00544,2025-01-30,2025-02-01,Bond,JP Morgan,372679.07,Settled
T00545,2025-01-17,2025-01-21,FX,HSBC,319043.23,Pending
T00546,2025-04-23,2025-04-26,FX,Citi,279307.07,Executed
T00547,2025-03-03,2025-03-04,Derivative,JP Morgan,347991.64,Settled
T00548,2025-03-25,2025-03-29,Bond,JP Morgan,80531.54,Settled
T00549,2025-04-22,2025-04-25,Bond,Citi,301726.23,Settled
T00550,2025-03-27,2025-03-30,Bond,HSBC,94334.2,Settled
T00551,2025-05-21,2025-05-22,Bond,HSBC,463505.88,Settled
T00552,2025-01-19,2025-01-20,Bond,Morgan Stanley,43483.71,Pending
T00553,2025-06-26,2025-06-27,Equity,Barclays,220883.63,Settled
T00554,2025-04-10,2025-04-12,FX,Citi,350940.76,Settled
T00555,2025-05-20,2025-05-21,Equity,Citi,234430.88,Settled
T00556,2025-05-27,2025-05-30,Bond,Citi,55126.67,Settled
T00557,2025-03-17,2025-03-18,Derivative,HSBC,281155.72,Settled
T00558,2025-01-09,2025-01-12,Derivative,Barclays,324399.64,Executed
T00559,2025-01-28,2025-02-01,Bond,Morgan Stanley,354858.23,Settled
T00560,2025-05-08,2025-05-10,Bond,JP Morgan,192897.31,Executed
T00561,2025-02-21,2025-02-25,Derivative,JP Morgan,286193.39,Failed
T00562,2025-03-24,2025-03-28,Equity,Citi,230836.37,Pending
T00563,2025-04-21,2025-04-24,Equity,Barclays,339307.46,Pending
T00564,2025-05-24,2025-05-28,Bond,HSBC,295942.91,Settled
T00565,2025-04-27,2025-04-30,Equity,Barclays,267620.55,Failed
T00566,2025-03-10,2025-03-11,Derivative,Barclays,132266.94,Settled
T00567,2025-04-09,2025-04-10,Equity,HSBC,10989.07,Executed
T00568,2025-05-20,2025-05-23,Bond,Citi,95300.02,Executed
T00569,2025-01-25,2025-01-26,Derivative,Barclays,67362.36,Settled
T00570,2025-06-29,2025-07-01,Equity,JP Morgan,230051.53,Pending
T00571,2025-05-03,2025-05-07,FX,HSBC,310006.49,Executed
T00572,2025-02-22,2025-02-24,Derivative,Morgan Stanley,114411.65,Settled
T00573,2025-05-31,2025-06-04,Derivative,Citi,470137.98,Failed
T00574,2025-05-24,2025-05-25,FX,HSBC,13274.24,Settled
T00575,2025-02-26,2025-02-28,FX,Morgan Stanley,388427.5,Settled
T00576,2025-02-08,2025-02-09,Derivative,Morgan Stanley,316350.34,Settled
T00577,2025-04-19,2025-04-23,FX,Barclays,193041.85,Settled
T00578,2025-02-11,2025-02-14,Bond,Barclays,34739.58,Settled
T00579,2025-06-16,2025-06-19,Bond,Barclays,317468.42,Settled
T00580,2025-05-22,2025-05-24,Bond,HSBC,198950.62,Pending
T00581,2025-05-02,2025-05-03,Derivative,HSBC,468770.9,Settled
T00582,2025-05-13,2025-05-14,FX,Citi,275575.14,Pending
T00583,2025-06-12,2025-06-14,FX,Barclays,470429.24,Failed
T00584,2025-03-16,2025-03-19,Equity,Morgan Stanley,118037.01,Pending
T00585,2025-05-26,2025-05-30,Equity,JP Morgan,365605.7,Settled
T00586,2025-03-17,2025-03-19,FX,Citi,312452.02,Settled
T00587,2025-01-09,2025-01-13,FX,HSBC,372310.03,Pending
T00588,2025-03-15,2025-03-18,FX,Citi,115187.25,Executed
T00589,2025-05-25,2025-05-26,Derivative,Citi,335847.31,Settled
T00590,2025-01-07,2025-01-10,FX,Citi,254039.79,Settled
T00591,2025-06-23,2025-06-25,Equity,Citi,373984.24,Settled
T00592,2025-05-21,2025-05-22,Derivative,JP Morgan,170251.88,Settled
T00593,2025-06-17,2025-06-19,FX,Barclays,446127.94,Settled
T00594,2025-06-19,2025-06-21,Equity,Morgan Stanley,51307.64,Settled
T00595,2025-05-17,2025-05-20,Derivative,Citi,405522.77,Settled
T00596,2025-06-27,2025-06-29,FX,Citi,432046.62,Settled
T00597,2025-01-27,2025-01-30,FX,Citi,410453.63,Settled
T00598,2025-05-02,2025-05-03,FX,Barclays,261235.93,Settled
T00599,2025-01-05,2025-01-08,Derivative,HSBC,224808.64,Settled
T00600,2025-01-29,2025-01-30,Equity,HSBC,498168.52,Settled
T00601,2025-06-14,2025-06-17,Equity,JP Morgan,122294.26,Settled
T00602,2025-06-15,2025-06-19,Bond,HSBC,277969.22,Pending
T00603,2025-03-24,2025-03-28,FX,Citi,338631.01,Executed
T00604,2025-05-16,2025-05-18,Bond,Citi,353425.14,Settled
T00605,2025-04-19,2025-04-22,Bond,Citi,109972.09,Settled
T00606,2025-03-06,2025-03-09,Equity,JP Morgan,330457.11,Settled
T00607,2025-03-27,2025-03-28,Derivative,Citi,411001.09,Pending
T00608,2025-05-25,2025-05-27,Derivative,HSBC,34509.1,Settled
T00609,2025-03-12,2025-03-15,Equity,Barclays,456645.43,Settled
T00610,2025-02-14,2025-02-16,Derivative,Barclays,24456.99,Pending
T00611,2025-05-12,2025-05-16,Bond,Morgan Stanley,184425.81,Settled
T00612,2025-02-05,2025-02-08,FX,HSBC,17748.47,Failed
T00613,2025-03-11,2025-03-14,Equity,Citi,47801.13,Settled
T00614,2025-06-08,2025-06-10,FX,Barclays,456472.46,Settled
T00615,2025-01-19,2025-01-22,Derivative,HSBC,183881.81,Failed
T00616,2025-04-18,2025-04-20,FX,Barclays,218138.05,Settled
T00617,2025-06-16,2025-06-19,Derivative,Citi,115518.75,Settled
T00618,2025-04-01,2025-04-02,Derivative,Barclays,302576.93,Settled
T00619,2025-03-31,2025-04-02,Bond,Morgan Stanley,301453.58,Settled
T00620,2025-01-19,2025-01-22,Derivative,Morgan Stanley,192378.19,Settled
T00621,2025-02-08,2025-02-12,Bond,Barclays,173187.09,Settled
T00622,2025-05-06,2025-05-09,Bond,HSBC,443632.51,Settled
T00623,2025-06-22,2025-06-26,Bond,HSBC,197809.28,Executed
T00624,2025-05-21,2025-05-25,Equity,HSBC,251815.49,Failed
T00625,2025-05-06,2025-05-07,Equity,Barclays,148819.33,Settled
T00626,2025-02-27,2025-03-01,Derivative,HSBC,395517.06,Pending
T00627,2025-05-28,2025-05-31,Bond,Citi,204749.6,Settled
T00628,2025-03-02,2025-03-03,Equity,Morgan Stanley,261669.41,Executed
T00629,2025-05-07,2025-05-10,Bond,Citi,134145.01,Settled
T00630,2025-04-15,2025-04-19,FX,HSBC,493953.2,Failed
T00631,2025-06-16,2025-06-18,FX,Citi,152832.91,Settled
T00632,2025-01-01,2025-01-04,FX,HSBC,387663.84,Pending
T00633,2025-05-11,2025-05-14,Derivative,Barclays,219472.87,Pending
T00634,2025-04-02,2025-04-06,Bond,Citi,111046.53,Settled
T00635,2025-04-23,2025-04-26,FX,Barclays,401862.19,Failed
T00636,2025-06-02,2025-06-05,Equity,Barclays,173467.33,Settled
T00637,2025-02-25,2025-03-01,FX,JP Morgan,433944.74,Settled
T00638,2025-06-10,2025-06-11,FX,HSBC,458476.02,Settled
T00639,2025-06-15,2025-06-19,FX,Morgan Stanley,431313.68,Settled
T00640,2025-04-27,2025-04-28,Derivative,HSBC,27153.88,Settled
T00641,2025-05-14,2025-05-16,Equity,Morgan Stanley,395812.94,Settled
T00642,2025-02-27,2025-02-28,Bond,HSBC,211556.34,Settled
T00643,2025-02-13,2025-02-14,Equity,Barclays,438124.23,Settled
T00644,2025-06-22,2025-06-24,Bond,Citi,322597.59,Executed
T00645,2025-06-09,2025-06-10,Derivative,Citi,418485.14,Settled
T00646,2025-06-22,2025-06-26,Derivative,JP Morgan,254721.57,Settled
T00647,2025-03-02,2025-03-03,Derivative,Morgan Stanley,272162.5,Pending
T00648,2025-02-16,2025-02-18,Derivative,Morgan Stanley,80749.94,Executed
T00649,2025-05-29,2025-06-02,Bond,Morgan Stanley,394153.81,Settled
T00650,2025-03-21,2025-03-23,FX,Barclays,215500.91,Settled
T00651,2025-04-28,2025-04-30,Bond,Morgan Stanley,255039.26,Settled
T00652,2025-06-13,2025-06-16,Equity,Citi,394697.88,Settled
T00653,2025-05-27,2025-05-30,Derivative,Barclays,303434.25,Settled
T00654,2025-01-20,2025-01-22,Derivative,HSBC,108538.38,Settled
T00655,2025-05-26,2025-05-28,Equity,Morgan Stanley,299214.0,Settled
T00656,2025-02-16,2025-02-18,Bond,Morgan Stanley,209740.1,Settled
T00657,2025-02-18,2025-02-21,FX,HSBC,240067.52,Failed
T00658,2025-01-14,2025-01-17,FX,Morgan Stanley,23872.52,Settled
T00659,2025-05-23,2025-05-24,Equity,HSBC,112914.38,Settled
T00660,2025-06-08,2025-06-09,FX,Barclays,147708.66,Settled
T00661,2025-01-01,2025-01-03,Bond,Citi,359350.4,Pending
T00662,2025-04-27,2025-05-01,Bond,HSBC,15631.31,Executed
T00663,2025-02-23,2025-02-27,Equity,JP Morgan,210300.86,Settled
T00664,2025-04-28,2025-05-01,Bond,HSBC,462773.17,Failed
T00665,2025-01-03,2025-01-06,Derivative,Morgan Stanley,64821.5,Settled
T00666,2025-05-24,2025-05-27,Equity,Barclays,263047.95,Executed
T00667,2025-01-12,2025-01-14,Bond,Barclays,395395.97,Executed
T00668,2025-03-15,2025-03-19,Equity,HSBC,471840.34,Settled
T00669,2025-01-16,2025-01-17,FX,Citi,375920.55,Settled
T00670,2025-04-12,2025-04-14,Bond,JP Morgan,363077.12,Settled
T00671,2025-06-01,2025-06-02,Derivative,Barclays,414979.16,Settled
T00672,2025-06-05,2025-06-06,Bond,Morgan Stanley,228638.6,Settled
T00673,2025-04-27,2025-04-29,Equity,Morgan Stanley,404863.82,Settled
T00674,2025-01-08,2025-01-09,Equity,Citi,13902.56,Settled
T00675,2025-05-02,2025-05-06,Bond,Barclays,463034.92,Settled
T00676,2025-04-02,2025-04-03,Derivative,HSBC,227220.19,Settled
T00677,2025-06-13,2025-06-17,Derivative,Morgan Stanley,281156.29,Settled
T00678,2025-03-31,2025-04-04,Derivative,Citi,134892.3,Settled
T00679,2025-05-16,2025-05-20,Equity,Barclays,373840.11,Settled
T00680,2025-03-01,2025-03-04,Bond,Barclays,47551.55,Pending
T00681,2025-06-27,2025-06-28,FX,Barclays,437591.54,Settled
T00682,2025-01-28,2025-01-30,Equity,Barclays,415777.25,Settled
T00683,2025-04-11,2025-04-13,Derivative,Barclays,115869.46,Settled
T00684,2025-02-10,2025-02-11,Bond,Morgan Stanley,406568.96,Settled
T00685,2025-06-04,2025-06-07,Derivative,Citi,395315.29,Failed
T00686,2025-05-25,2025-05-28,FX,Barclays,319786.13,Executed
T00687,2025-06-10,2025-06-14,Derivative,JP Morgan,193024.89,Settled
T00688,2025-06-06,2025-06-07,Derivative,JP Morgan,143034.39,Settled
T00689,2025-05-21,2025-05-22,FX,Citi,123573.96,Settled
T00690,2025-02-15,2025-02-17,Bond,HSBC,166118.39,Settled
T00691,2025-02-04,2025-02-05,Equity,HSBC,452743.64,Settled
T00692,2025-05-14,2025-05-17,Bond,HSBC,48043.98,Settled
T00693,2025-03-23,2025-03-24,FX,JP Morgan,416146.93,Settled
T00694,2025-04-25,2025-04-27,Derivative,HSBC,180956.14,Settled
T00695,2025-02-16,2025-02-20,Bond,Morgan Stanley,265583.7,Settled
T00696,2025-06-02,2025-06-04,Equity,Barclays,399297.96,Settled
T00697,2025-01-10,2025-01-12,FX,JP Morgan,443344.51,Settled
T00698,2025-02-25,2025-03-01,Bond,Citi,178942.9,Settled
T00699,2025-01-30,2025-02-01,Equity,Citi,236303.31,Settled
T00700,2025-04-19,2025-04-21,FX,Barclays,213112.87,Settled
T00701,2025-01-05,2025-01-06,Equity,JP Morgan,16493.01,Settled
T00702,2025-04-29,2025-04-30,FX,HSBC,155012.02,Settled
T00703,2025-02-02,2025-02-06,Derivative,HSBC,235002.72,Failed
T00704,2025-04-28,2025-04-29,Bond,Morgan Stanley,211435.87,Settled
T00705,2025-03-06,2025-03-07,Equity,Morgan Stanley,363745.32,Executed
T00706,2025-05-26,2025-05-28,FX,HSBC,198553.77,Executed
T00707,2025-06-26,2025-06-29,Equity,Citi,249794.46,Settled
T00708,2025-01-11,2025-01-12,Equity,Citi,220508.21,Failed
T00709,2025-03-26,2025-03-29,Bond,Morgan Stanley,372906.81,Settled
T00710,2025-01-26,2025-01-27,Derivative,Barclays,432856.48,Settled
T00711,2025-03-04,2025-03-05,Equity,HSBC,270625.65,Settled
T00712,2025-03-27,2025-03-31,FX,Morgan Stanley,396821.78,Settled
T00713,2025-02-28,2025-03-04,FX,Morgan Stanley,155425.47,Settled
T00714,2025-01-27,2025-01-31,Derivative,HSBC,275271.11,Pending
T00715,2025-06-26,2025-06-29,FX,HSBC,179162.68,Failed
T00716,2025-06-10,2025-06-12,Derivative,Citi,212958.45,Settled
T00717,2025-04-08,2025-04-09,FX,Barclays,368882.79,Pending
T00718,2025-04-15,2025-04-16,Bond,Barclays,442014.62,Settled
T00719,2025-04-09,2025-04-10,Equity,HSBC,69532.74,Executed
T00720,2025-05-09,2025-05-12,Bond,JP Morgan,320973.24,Failed
T00721,2025-05-29,2025-06-02,Equity,Morgan Stanley,295250.47,Failed
T00722,2025-02-24,2025-02-26,Equity,Morgan Stanley,68023.37,Settled
T00723,2025-01-06,2025-01-09,Equity,HSBC,113828.22,Settled
T00724,2025-04-05,2025-04-09,Bond,JP Morgan,162391.22,Settled
T00725,2025-05-13,2025-05-16,Equity,Citi,91796.22,Failed
T00726,2025-04-12,2025-04-14,Bond,HSBC,129427.45,Settled
T00727,2025-01-03,2025-01-07,Derivative,HSBC,141124.39,Settled
T00728,2025-01-23,2025-01-26,FX,Morgan Stanley,174480.18,Failed
T00729,2025-02-22,2025-02-24,FX,HSBC,377201.32,Failed
T00730,2025-06-14,2025-06-15,Equity,HSBC,290236.98,Settled
T00731,2025-03-24,2025-03-26,Bond,HSBC,493260.87,Settled
T00732,2025-05-25,2025-05-26,FX,Morgan Stanley,213220.56,Failed
T00733,2025-03-26,2025-03-29,Bond,Citi,379393.89,Settled
T00734,2025-03-19,2025-03-23,Bond,Citi,437019.53,Failed
T00735,2025-04-20,2025-04-24,Equity,HSBC,342699.46,Settled
T00736,2025-01-01,2025-01-04,FX,Morgan Stanley,211813.72,Settled
T00737,2025-02-20,2025-02-24,Equity,Citi,379261.37,Settled
T00738,2025-06-22,2025-06-26,Equity,Citi,109796.9,Settled
T00739,2025-01-04,2025-01-05,FX,Citi,170500.56,Settled
T00740,2025-04-23,2025-04-26,FX,Morgan Stanley,277875.77,Settled
T00741,2025-02-01,2025-02-03,Derivative,Morgan Stanley,291950.6,Settled
T00742,2025-02-03,2025-02-04,Derivative,HSBC,20849.32,Settled
T00743,2025-04-02,2025-04-05,Bond,Barclays,473105.95,Settled
T00744,2025-04-05,2025-04-06,FX,Citi,351347.36,Settled
T00745,2025-03-13,2025-03-15,Derivative,Barclays,252894.84,Executed
T00746,2025-02-08,2025-02-10,Bond,Morgan Stanley,467232.34,Pending
T00747,2025-06-03,2025-06-06,Bond,Morgan Stanley,225156.83,Executed
T00748,2025-06-11,2025-06-13,Bond,Morgan Stanley,490413.43,Settled
T00749,2025-04-28,2025-04-29,Derivative,Barclays,261019.53,Pending
T00750,2025-01-03,2025-01-05,FX,Morgan Stanley,66000.03,Pending
T00751,2025-05-03,2025-05-04,Equity,HSBC,384752.48,Failed
T00752,2025-02-19,2025-02-20,Bond,Morgan Stanley,342659.89,Settled
T00753,2025-01-12,2025-01-14,Derivative,JP Morgan,388763.49,Settled
T00754,2025-02-23,2025-02-26,Derivative,Barclays,476206.59,Failed
T00755,2025-05-13,2025-05-17,Equity,JP Morgan,390479.76,Executed
T00756,2025-02-26,2025-02-28,Equity,Morgan Stanley,309554.94,Settled
T00757,2025-05-25,2025-05-26,Derivative,HSBC,430081.36,Settled
T00758,2025-04-22,2025-04-23,FX,Citi,339890.76,Settled
T00759,2025-02-16,2025-02-18,Equity,Morgan Stanley,209978.34,Settled
T00760,2025-05-31,2025-06-03,Derivative,HSBC,443953.68,Settled
T00761,2025-03-26,2025-03-29,Equity,Barclays,118731.23,Settled
T00762,2025-05-22,2025-05-23,FX,JP Morgan,360174.22,Settled
T00763,2025-03-07,2025-03-08,Bond,JP Morgan,441966.09,Pending
T00764,2025-03-16,2025-03-19,Equity,JP Morgan,368345.09,Pending
T00765,2025-06-28,2025-07-02,FX,Barclays,351664.96,Pending
T00766,2025-04-13,2025-04-15,Derivative,HSBC,378792.76,Settled
T00767,2025-06-15,2025-06-16,Equity,Barclays,237877.07,Settled
T00768,2025-02-07,2025-02-08,Equity,JP Morgan,438343.63,Pending
T00769,2025-02-19,2025-02-22,Derivative,Morgan Stanley,109683.87,Settled
T00770,2025-04-08,2025-04-10,Bond,Citi,72419.34,Settled
T00771,2025-03-23,2025-03-26,Derivative,Barclays,149899.3,Pending
T00772,2025-01-30,2025-02-01,Equity,Barclays,270472.92,Settled
T00773,2025-03-20,2025-03-22,Derivative,HSBC,260175.28,Executed
T00774,2025-04-01,2025-04-03,FX,HSBC,412093.39,Settled
T00775,2025-06-28,2025-06-29,Derivative,Barclays,208238.64,Settled
T00776,2025-02-21,2025-02-25,Equity,JP Morgan,247328.77,Settled
T00777,2025-06-15,2025-06-18,Derivative,Citi,16550.16,Executed
T00778,2025-03-20,2025-03-24,Bond,HSBC,210772.23,Settled
T00779,2025-01-30,2025-02-02,Derivative,JP Morgan,327409.37,Executed
T00780,2025-04-16,2025-04-18,Bond,Morgan Stanley,17599.08,Pending
T00781,2025-02-20,2025-02-21,FX,HSBC,147632.16,Settled
T00782,2025-03-22,2025-03-26,Bond,JP Morgan,111898.62,Settled
T00783,2025-05-13,2025-05-14,Derivative,JP Morgan,30572.86,Settled
T00784,2025-01-29,2025-02-01,Equity,Citi,244837.44,Settled
T00785,2025-05-12,2025-05-13,Bond,Citi,99044.41,Settled
T00786,2025-05-18,2025-05-19,FX,Morgan Stanley,374109.95,Pending
T00787,2025-05-25,2025-05-29,Bond,JP Morgan,425484.66,Pending
T00788,2025-03-15,2025-03-17,Bond,JP Morgan,277336.74,Settled
T00789,2025-01-17,2025-01-18,Bond,Citi,491036.6,Settled
T00790,2025-03-25,2025-03-27,FX,HSBC,230734.5,Settled
T00791,2025-03-10,2025-03-13,Derivative,HSBC,261550.42,Settled
T00792,2025-02-03,2025-02-04,Bond,Barclays,494716.7,Settled
T00793,2025-01-06,2025-01-10,Bond,Citi,123458.73,Settled
T00794,2025-02-22,2025-02-25,Equity,Barclays,471847.51,Settled
T00795,2025-05-06,2025-05-09,FX,Citi,30990.4,Settled
T00796,2025-02-12,2025-02-16,Bond,Morgan Stanley,228729.58,Settled
T00797,2025-04-25,2025-04-26,FX,JP Morgan,44301.72,Settled
T00798,2025-04-21,2025-04-22,Bond,Morgan Stanley,367325.02,Settled
T00799,2025-05-31,2025-06-03,Derivative,Citi,308120.38,Settled
T00800,2025-03-21,2025-03-22,Derivative,JP Morgan,356250.79,Failed
T00801,2025-04-05,2025-04-07,Bond,HSBC,193495.4,Settled
T00802,2025-04-28,2025-05-02,Derivative,HSBC,191046.15,Settled
T00803,2025-05-24,2025-05-26,Bond,Barclays,32206.45,Pending
T00804,2025-01-08,2025-01-09,Derivative,Citi,181473.02,Settled
T00805,2025-05-12,2025-05-15,Equity,Citi,465351.32,Settled
T00806,2025-04-14,2025-04-18,Equity,HSBC,195821.0,Failed
T00807,2025-05-12,2025-05-13,Equity,Morgan Stanley,417370.18,Settled
T00808,2025-01-25,2025-01-26,FX,JP Morgan,422739.5,Settled
T00809,2025-04-06,2025-04-09,FX,Morgan Stanley,192888.17,Settled
T00810,2025-06-04,2025-06-07,Equity,Morgan Stanley,319674.45,Settled
T00811,2025-04-03,2025-04-05,FX,HSBC,56732.09,Settled
T00812,2025-06-09,2025-06-13,Derivative,HSBC,60802.5,Settled
T00813,2025-06-27,2025-07-01,Bond,HSBC,33842.26,Failed
T00814,2025-03-02,2025-03-05,Bond,Barclays,294697.4,Executed
T00815,2025-05-02,2025-05-04,Bond,Morgan Stanley,218774.78,Settled
T00816,2025-02-20,2025-02-24,Equity,Citi,278535.85,Pending
T00817,2025-05-27,2025-05-30,FX,JP Morgan,265325.86,Settled
T00818,2025-01-21,2025-01-22,Derivative,Barclays,181599.47,Settled
T00819,2025-01-05,2025-01-09,Derivative,Citi,341961.97,Settled
T00820,2025-04-02,2025-04-04,Equity,Morgan Stanley,381665.92,Settled
T00821,2025-06-19,2025-06-21,Derivative,HSBC,17167.85,Executed
T00822,2025-03-02,2025-03-04,Derivative,Morgan Stanley,111548.73,Settled
T00823,2025-01-22,2025-01-23,Derivative,JP Morgan,359485.58,Settled
T00824,2025-05-29,2025-06-02,Derivative,Barclays,199443.88,Settled
T00825,2025-03-11,2025-03-15,FX,Barclays,334617.13,Settled
T00826,2025-01-01,2025-01-02,Derivative,JP Morgan,180011.7,Executed
T00827,2025-05-13,2025-05-17,Bond,Citi,201470.02,Pending
T00828,2025-01-12,2025-01-13,Equity,Citi,87752.65,Pending
T00829,2025-03-31,2025-04-01,FX,Barclays,136533.2,Pending
T00830,2025-02-15,2025-02-16,Derivative,Barclays,306651.76,Settled
T00831,2025-02-03,2025-02-05,FX,HSBC,222249.92,Settled
T00832,2025-06-26,2025-06-30,Derivative,Citi,389408.31,Failed
T00833,2025-03-19,2025-03-20,Bond,JP Morgan,427766.63,Settled
T00834,2025-02-14,2025-02-18,Equity,Citi,275406.74,Pending
T00835,2025-06-04,2025-06-06,Derivative,HSBC,381550.97,Settled
T00836,2025-03-14,2025-03-15,Derivative,Barclays,160383.21,Pending
T00837,2025-01-26,2025-01-29,Derivative,Barclays,213335.9,Settled
T00838,2025-02-16,2025-02-18,Derivative,HSBC,359261.06,Settled
T00839,2025-05-01,2025-05-04,Equity,JP Morgan,199243.88,Executed
T00840,2025-02-25,2025-03-01,Equity,Barclays,298367.42,Settled
T00841,2025-04-04,2025-04-08,Bond,Morgan Stanley,100832.66,Failed
T00842,2025-04-17,2025-04-19,Equity,Barclays,303887.94,Settled
T00843,2025-03-04,2025-03-08,Derivative,Morgan Stanley,432141.72,Settled
T00844,2025-02-17,2025-02-20,Bond,HSBC,435633.42,Executed
T00845,2025-03-02,2025-03-03,Bond,HSBC,364928.76,Settled
T00846,2025-03-22,2025-03-23,Bond,Barclays,375419.16,Settled
T00847,2025-01-26,2025-01-27,Derivative,Citi,283384.45,Pending
T00848,2025-02-05,2025-02-07,FX,Morgan Stanley,296487.36,Settled
T00849,2025-01-01,2025-01-05,Derivative,JP Morgan,75488.78,Executed
T00850,2025-01-08,2025-01-11,Equity,Barclays,227491.0,Settled
T00851,2025-04-23,2025-04-27,Equity,JP Morgan,230880.38,Executed
T00852,2025-04-09,2025-04-13,Derivative,Barclays,479663.94,Settled
T00853,2025-06-29,2025-07-03,Derivative,Citi,221232.56,Settled
T00854,2025-02-16,2025-02-17,Bond,Citi,279177.9,Settled
T00855,2025-05-07,2025-05-10,Derivative,Citi,271293.19,Settled
T00856,2025-02-25,2025-02-28,Bond,Citi,322013.24,Settled
T00857,2025-01-14,2025-01-18,Equity,HSBC,376634.09,Settled
T00858,2025-01-28,2025-01-29,Bond,HSBC,120270.52,Settled
T00859,2025-03-19,2025-03-20,Derivative,Morgan Stanley,269074.97,Settled
T00860,2025-05-10,2025-05-13,Equity,JP Morgan,414699.68,Executed
T00861,2025-04-19,2025-04-20,FX,Barclays,236926.21,Pending
T00862,2025-06-03,2025-06-04,Bond,Barclays,146444.2,Settled
T00863,2025-01-14,2025-01-15,Equity,HSBC,330807.45,Settled
T00864,2025-02-25,2025-02-27,Bond,Barclays,413646.02,Settled
T00865,2025-04-25,2025-04-29,Equity,HSBC,40938.74,Settled
T00866,2025-01-07,2025-01-10,Equity,Morgan Stanley,390627.34,Settled
T00867,2025-01-03,2025-01-06,Bond,JP Morgan,412607.49,Failed
T00868,2025-04-21,2025-04-23,FX,Morgan Stanley,236146.23,Settled
T00869,2025-05-31,2025-06-04,Equity,Citi,491819.77,Settled
T00870,2025-04-17,2025-04-20,Equity,Citi,395487.09,Pending
T00871,2025-01-18,2025-01-19,Equity,Citi,389094.66,Settled
T00872,2025-02-07,2025-02-10,FX,Morgan Stanley,376440.9,Executed
T00873,2025-04-25,2025-04-26,FX,Barclays,83797.97,Executed
T00874,2025-01-15,2025-01-17,Derivative,JP Morgan,116443.13,Settled
T00875,2025-04-29,2025-04-30,Bond,Citi,237355.16,Settled
T00876,2025-01-28,2025-01-31,FX,Citi,139362.13,Failed
T00877,2025-02-08,2025-02-11,Bond,Citi,213468.08,Settled
T00878,2025-01-17,2025-01-20,Derivative,JP Morgan,445347.41,Settled
T00879,2025-03-27,2025-03-29,Bond,Citi,413920.18,Pending
T00880,2025-05-06,2025-05-08,FX,JP Morgan,318719.54,Failed
T00881,2025-02-13,2025-02-17,Bond,Citi,430478.99,Settled
T00882,2025-01-25,2025-01-28,FX,Morgan Stanley,394048.47,Settled
T00883,2025-05-25,2025-05-26,Bond,Morgan Stanley,220202.62,Failed
T00884,2025-01-13,2025-01-15,FX,JP Morgan,108521.92,Settled
T00885,2025-01-25,2025-01-28,FX,Morgan Stanley,261958.51,Settled
T00886,2025-03-09,2025-03-12,Bond,JP Morgan,370752.15,Settled
T00887,2025-05-18,2025-05-20,Derivative,Morgan Stanley,223845.6,Settled
T00888,2025-03-08,2025-03-12,Equity,Morgan Stanley,336718.24,Settled
T00889,2025-04-19,2025-04-21,Derivative,JP Morgan,56220.44,Settled
T00890,2025-05-26,2025-05-28,Bond,Barclays,376522.32,Failed
T00891,2025-04-21,2025-04-22,Derivative,Morgan Stanley,408229.67,Failed
T00892,2025-04-21,2025-04-22,FX,Citi,356350.55,Settled
T00893,2025-02-03,2025-02-07,Equity,Barclays,483959.16,Settled
T00894,2025-04-21,2025-04-24,Bond,JP Morgan,415059.51,Settled
T00895,2025-01-08,2025-01-10,Bond,Barclays,452515.93,Pending
T00896,2025-06-17,2025-06-21,Bond,HSBC,467449.83,Executed
T00897,2025-04-23,2025-04-24,Equity,HSBC,402660.52,Settled
T00898,2025-03-24,2025-03-26,FX,Morgan Stanley,340386.83,Settled
T00899,2025-02-11,2025-02-14,Bond,Morgan Stanley,12802.1,Executed
T00900,2025-06-18,2025-06-19,Derivative,Citi,238254.62,Failed
T00901,2025-04-11,2025-04-12,Bond,Barclays,289869.53,Executed
T00902,2025-01-06,2025-01-07,Bond,HSBC,158974.83,Settled
T00903,2025-06-29,2025-07-03,Bond,Morgan Stanley,165871.18,Settled
T00904,2025-01-26,2025-01-29,Bond,Barclays,480968.11,Pending
T00905,2025-03-05,2025-03-07,FX,Morgan Stanley,446938.32,Executed
T00906,2025-02-28,2025-03-04,Derivative,Morgan Stanley,426097.71,Settled
T00907,2025-04-19,2025-04-23,FX,HSBC,208945.78,Settled
T00908,2025-05-01,2025-05-05,Derivative,HSBC,16712.29,Settled
T00909,2025-02-02,2025-02-03,Bond,Morgan Stanley,49308.9,Settled
T00910,2025-05-30,2025-06-02,Equity,JP Morgan,162976.22,Settled
T00911,2025-01-21,2025-01-25,FX,Morgan Stanley,17714.03,Executed
T00912,2025-03-11,2025-03-13,Equity,Morgan Stanley,18403.39,Failed
T00913,2025-04-22,2025-04-25,FX,Citi,459135.62,Executed
T00914,2025-01-04,2025-01-06,Bond,Citi,356017.67,Failed
T00915,2025-04-04,2025-04-07,FX,Citi,161388.44,Settled
T00916,2025-03-16,2025-03-18,Bond,JP Morgan,74995.84,Failed
T00917,2025-03-03,2025-03-04,FX,JP Morgan,260701.5,Pending
T00918,2025-04-04,2025-04-08,Bond,Morgan Stanley,12619.62,Settled
T00919,2025-04-05,2025-04-07,Bond,Citi,469822.73,Pending
T00920,2025-06-01,2025-06-04,Derivative,JP Morgan,213259.41,Executed
T00921,2025-02-24,2025-02-28,Bond,HSBC,207144.13,Settled
T00922,2025-05-17,2025-05-21,Derivative,Morgan Stanley,201390.87,Settled
T00923,2025-05-11,2025-05-14,Bond,Barclays,43970.88,Settled
T00924,2025-01-31,2025-02-02,Equity,Morgan Stanley,322777.9,Pending
T00925,2025-02-09,2025-02-10,Bond,Barclays,369171.77,Settled
T00926,2025-02-05,2025-02-06,Equity,Citi,341301.44,Settled
T00927,2025-06-01,2025-06-03,Equity,Barclays,77833.39,Settled
T00928,2025-01-06,2025-01-10,Bond,Citi,293631.68,Settled
T00929,2025-03-07,2025-03-11,Equity,HSBC,289047.4,Settled
T00930,2025-03-16,2025-03-20,Derivative,Barclays,435521.29,Settled
T00931,2025-01-04,2025-01-08,FX,Morgan Stanley,195772.55,Settled
T00932,2025-03-20,2025-03-22,Bond,Citi,192028.11,Settled
T00933,2025-05-14,2025-05-18,Equity,Morgan Stanley,313078.26,Failed
T00934,2025-04-28,2025-05-01,Bond,JP Morgan,320205.6,Settled
T00935,2025-04-23,2025-04-27,Derivative,Citi,239949.76,Settled
T00936,2025-04-04,2025-04-05,Bond,Barclays,227099.09,Settled
T00937,2025-06-28,2025-07-02,Bond,Citi,252132.36,Settled
T00938,2025-03-03,2025-03-05,Equity,Morgan Stanley,431912.2,Settled
T00939,2025-03-20,2025-03-21,Derivative,HSBC,235971.78,Executed
T00940,2025-05-16,2025-05-18,FX,Citi,470566.58,Pending
T00941,2025-01-26,2025-01-28,FX,Barclays,256961.84,Settled
T00942,2025-06-28,2025-06-29,Equity,JP Morgan,475108.34,Settled
T00943,2025-06-22,2025-06-24,Bond,HSBC,418087.63,Settled
T00944,2025-02-13,2025-02-15,Equity,JP Morgan,187591.35,Settled
T00945,2025-05-13,2025-05-17,Equity,Citi,433184.3,Settled
T00946,2025-03-11,2025-03-14,Equity,Morgan Stanley,63931.01,Executed
T00947,2025-06-03,2025-06-05,Bond,Morgan Stanley,463273.12,Pending
T00948,2025-04-28,2025-04-30,Derivative,Barclays,319505.32,Failed
T00949,2025-03-09,2025-03-11,Equity,Morgan Stanley,36651.47,Settled
T00950,2025-01-19,2025-01-23,Bond,HSBC,325685.79,Settled
T00951,2025-01-20,2025-01-23,Derivative,Morgan Stanley,487381.35,Settled
T00952,2025-04-23,2025-04-24,Equity,Barclays,44202.32,Settled
T00953,2025-05-20,2025-05-24,FX,Citi,281796.98,Settled
T00954,2025-02-16,2025-02-20,Derivative,Citi,376419.23,Settled
T00955,2025-01-01,2025-01-04,Equity,Morgan Stanley,407026.71,Executed
T00956,2025-03-31,2025-04-03,Derivative,JP Morgan,212775.46,Settled
T00957,2025-05-22,2025-05-26,Derivative,Citi,110041.61,Settled
T00958,2025-03-05,2025-03-06,Derivative,Morgan Stanley,30747.72,Failed
T00959,2025-02-07,2025-02-11,Derivative,Barclays,294065.82,Executed
T00960,2025-02-06,2025-02-09,Derivative,Morgan Stanley,231926.42,Settled
T00961,2025-05-06,2025-05-07,Derivative,Citi,474884.75,Settled
T00962,2025-05-19,2025-05-22,Equity,Barclays,39696.4,Settled
T00963,2025-04-10,2025-04-11,FX,Morgan Stanley,345843.72,Pending
T00964,2025-03-18,2025-03-20,Bond,HSBC,22233.45,Settled
T00965,2025-01-03,2025-01-06,Derivative,Barclays,94002.75,Settled
T00966,2025-06-10,2025-06-13,Bond,HSBC,232253.71,Settled
T00967,2025-05-14,2025-05-18,Equity,JP Morgan,232887.5,Settled
T00968,2025-06-27,2025-06-30,Derivative,Barclays,345993.27,Settled
T00969,2025-01-10,2025-01-13,FX,HSBC,456004.39,Settled
T00970,2025-01-05,2025-01-07,Bond,Citi,323125.76,Failed
T00971,2025-05-31,2025-06-03,Derivative,Citi,477232.2,Settled
T00972,2025-05-18,2025-05-20,Equity,JP Morgan,441991.66,Settled
T00973,2025-06-21,2025-06-23,FX,Barclays,296404.9,Settled
T00974,2025-05-10,2025-05-12,Bond,Barclays,418558.06,Pending
T00975,2025-01-13,2025-01-15,Bond,Barclays,324863.03,Settled
T00976,2025-06-17,2025-06-18,Derivative,JP Morgan,48493.34,Settled
T00977,2025-05-10,2025-05-14,FX,Barclays,372876.71,Executed
T00978,2025-03-25,2025-03-26,FX,Citi,56505.14,Settled
T00979,2025-03-06,2025-03-09,FX,HSBC,301100.56,Settled
T00980,2025-03-04,2025-03-05,FX,Citi,354293.7,Settled
T00981,2025-04-11,2025-04-12,Equity,Citi,42598.53,Executed
T00982,2025-03-14,2025-03-17,FX,HSBC,123089.38,Settled
T00983,2025-01-17,2025-01-20,Bond,Citi,458679.39,Settled
T00984,2025-01-09,2025-01-12,Bond,JP Morgan,311994.1,Settled
T00985,2025-05-23,2025-05-24,Equity,HSBC,130680.15,Settled
T00986,2025-06-01,2025-06-02,Bond,Citi,348433.09,Pending
T00987,2025-02-07,2025-02-10,Bond,Morgan Stanley,302420.45,Settled
T00988,2025-06-12,2025-06-16,FX,Citi,255772.09,Pending
T00989,2025-04-04,2025-04-08,Bond,JP Morgan,488331.62,Settled
T00990,2025-04-05,2025-04-07,Equity,Barclays,344892.35,Settled
T00991,2025-02-18,2025-02-21,FX,Citi,193966.14,Failed
T00992,2025-03-10,2025-03-12,Derivative,Barclays,402035.98,Executed
T00993,2025-03-03,2025-03-07,FX,Morgan Stanley,443445.81,Settled
T00994,2025-06-27,2025-06-29,Equity,Citi,71358.07,Pending
T00995,2025-03-19,2025-03-22,FX,HSBC,108270.96,Settled
T00996,2025-04-27,2025-04-30,FX,Barclays,115951.23,Settled
T00997,2025-04-30,2025-05-03,Equity,Morgan Stanley,348693.79,Failed
T00998,2025-05-17,2025-05-18,FX,HSBC,305489.38,Settled
T00999,2025-06-11,2025-06-13,Equity,HSBC,313305.87,Executed
T01000,2025-03-17,2025-03-21,Equity,HSBC,470978.92,Settled
